Lookup_Type,Lookup_Name,Lookup_Description,Lookup_Attributes,Lookup_Values
AUX,A_CRAINJ,Crash Injury Type,1,Fatal Crash (FARS)
AUX,A_CRAINJ,Crash Injury Type,2,Estimated Injury Only Crash (GES)
AUX,A_CRAINJ,Crash Injury Type,3,Estimated Property Damage Only (PDO) Crash (GES) 
AUX,A_CRAINJ,Crash Injury Type,4,Estimated Other Crash (Including Estimated Fatal Crashes) (GES) 
AUX,A_CT,Crash Type ,1,Single-Vehicle Crash
AUX,A_CT,Crash Type ,2,Two-Vehicle Crash
AUX,A_CT,Crash Type ,3,More Than Two-Vehicle Crash
AUX,A_D15_19 ,Involving aYoung Driver (Aged 15-19),1,Young Driver Involved Crash (Aged 15-19)
AUX,A_D15_19 ,Involving a Young Driver (Aged 15-19),2,Other Crash
AUX,A_D15_20,Involving aYoung Driver (Aged 15-20),1,Young Driver Involved Crash (Aged 15-20)
AUX,A_D15_20,Involving aYoung Driver (Aged 15-20),2,Other Crash
AUX,A_D16_19 ,Involving aYoung Driver (Aged 16-19),1,Young Driver Involved Crash (Aged 16-19)
AUX,A_D16_19 ,Involving aYoung Driver (Aged 16-19),2,Other Crash
AUX,A_D16_20,Involving aYoung Driver (Aged 16-20),1,Young Driver Involved Crash (Aged 16-20)
AUX,A_D16_20,Involving aYoung Driver (Aged 16-20),2,Other Crash
AUX,A_D16_24,Involving aYoung Driver (Aged 16-24),1,Young Driver Involved Crash (Aged 16-24)
AUX,A_D16_24,Involving aYoung Driver (Aged 16-24),2,Other Crash
AUX,A_D21_24,Involving aYoung Driver (Aged 21-24),1,Young Driver Involved Crash (Aged 21-24)
AUX,A_D21_24,Involving aYoung Driver (Aged 21-24),2,Other Crash
AUX,A_D65PLS,Involving a Older Driver (Aged 65+),1,Older Driver Involved Crash (Aged 65+)
AUX,A_D65PLS,Involving a Older Driver (Aged 65+),2,Other Crash
AUX,A_DIST,Involving a Distracted Driver,1,Involving a Distracted Driver
AUX,A_DIST,Involving a Distracted Driver,2,Other Crash
AUX,A_DOW ,Day of Week,1,Weekday
AUX,A_DOW ,Day of Week,2,Weekend
AUX,A_DOW ,Day of Week,3,Unknown
AUX,A_DROWSY,Involving a Drowsy Driver,1,Involving a Drowsy Driver
AUX,A_DROWSY,Involving a Drowsy Driver,2,Other Crash
AUX,A_HR ,Involving a Hit and Run,1,Yes - Hit and Run
AUX,A_HR ,Involving a Hit and Run,2,No - Hit and Run
AUX,A_INTER ,Interstate,1,Interstate
AUX,A_INTER ,Interstate,2,Non-Interstate
AUX,A_INTER ,Interstate,3,Unknown
AUX,A_INTSEC,Intersection,1,Intersection
AUX,A_INTSEC,Intersection,2,Non-Intersection
AUX,A_INTSEC,Intersection,3,Unknown
AUX,A_JUNC ,Junction,1,Junction
AUX,A_JUNC ,Junction,2,Non-Junction
AUX,A_JUNC ,Junction,3,Other
AUX,A_JUNC ,Junction,4,Unknown
AUX,A_LT ,Involving a Large Truck,1,Large Truck Involved Crash
AUX,A_LT ,Involving a Large Truck,2,Other Crash
AUX,A_MANCOL ,Manner of Collison,1,Not Collision with Motor Vehicle in Transport
AUX,A_MANCOL ,Manner of Collison,2,Rear-End
AUX,A_MANCOL ,Manner of Collison,3,Head-On
AUX,A_MANCOL ,Manner of Collison,4,Angle
AUX,A_MANCOL ,Manner of Collison,5,Sideswipe
AUX,A_MANCOL ,Manner of Collison,6,Other
AUX,A_MANCOL ,Manner of Collison,7,Unknown
AUX,A_MC,Involving a Motorcycle,1,Motocycle Involved Crash
AUX,A_MC,Involving a Motorcycle,2,Other Crash
AUX,A_PED ,Involving a Pedestrian,1,Pedestrian Involved Crash
AUX,A_PED ,Involving a Pedestrian,2,Other Crash
AUX,A_PEDAL ,Involving a Pedalcyclist,1,Pedalcyclist Involved Crash
AUX,A_PEDAL ,Involving a Pedalcyclist,2,Other Crash
AUX,A_POLPUR,Involving a Police Pursuit,1,Police Pursuit Involved Crash
AUX,A_POLPUR,Involving a Police Pursuit,2,Other Crash
AUX,A_POSBAC ,Involving a Driver With Positive BAC,1,Driver With Positive BAC Testing Crash
AUX,A_POSBAC ,Involving a Driver With Positive BAC,2,All Drivers With ZERO BAC Testing Crash
AUX,A_POSBAC ,Involving a Driver With Positive BAC,3,Unknown BAC Crash
AUX,A_RD,Involving a Roadway Departure,1,Yes - Roadway Departure
AUX,A_RD,Involving a Roadway Departure,2,No - Roadway Departure
AUX,A_RD,Involving a Roadway Departure,3,Not Defined (Only 2004 and Later)
AUX,A_REGION ,NHTSA Region,1,"1 = CT, ME, MA, NH, RI, VT"
AUX,A_REGION ,NHTSA Region,2,"2 = NJ, NY, PA, PR"
AUX,A_REGION ,NHTSA Region,3,"3 = DE, DC, KY, MD, NC, VA, WV"
AUX,A_REGION ,NHTSA Region,4,"4 = AL, FL, GA, SC, TN"
AUX,A_REGION ,NHTSA Region,5,"5 = IL, IN, MI, MN, OH, WI"
AUX,A_REGION ,NHTSA Region,6,"6 = LA, MS, NM, OK, TX"
AUX,A_REGION ,NHTSA Region,7,"7 = AR, IA, KS, NE, MO"
AUX,A_REGION ,NHTSA Region,8,"8 = CO, NV, ND, SD, WY, UT"
AUX,A_REGION ,NHTSA Region,9,"9 = AZ, CA, HI"
AUX,A_REGION ,NHTSA Region,10,"10 = AK, ID, MT, OR, WA"
AUX,A_RELRD,Relationship to the Road,1,On Roadway
AUX,A_RELRD,Relationship to the Road,2,Off Roadway/Shoulder
AUX,A_RELRD,Relationship to the Road,3,Off Roadway/Median
AUX,A_RELRD,Relationship to the Road,4,Off Roadway/Other
AUX,A_RELRD,Relationship to the Road,5,Off Roadway (no other details)
AUX,A_RELRD,Relationship to the Road,6,Other/Unknown
AUX,A_ROADFC,Roadway Function Class,1,"Interstate, principal arterial"
AUX,A_ROADFC,Roadway Function Class,2,"Freeway and expressway, principal arterial"
AUX,A_ROADFC,Roadway Function Class,3,"Principal arterial, other"
AUX,A_ROADFC,Roadway Function Class,4,Minor arterial
AUX,A_ROADFC,Roadway Function Class,5,Collector 
AUX,A_ROADFC,Roadway Function Class,6,Local
AUX,A_ROADFC,Roadway Function Class,7,Unknown
AUX,A_ROLL,Involving a Rollover,1,Rollover Involved Crash
AUX,A_RU,Rural/Urban,2,Other Crash
AUX,A_RU,Rural/Urban,1,Rural
AUX,A_RU,Rural/Urban,2,Urban
AUX,A_RU,Rural/Urban,3,Unknown
AUX,A_SPCRA ,Involving Speeding,1,Speed Involved Crash
AUX,A_SPCRA ,Involving Speeding,2,Other Crash
AUX,A_SPCRA ,Involving Speeding,3,N/A (Not Defined For These Years)
AUX,A_TOD ,Time of Day,1,Daytime 
AUX,A_TOD ,Time of Day,2,Nighttime 
AUX,A_TOD ,Time of Day,3,Unknown
AUX,BIA,Tribal Lands based on geographic location and spatial data,0,No
AUX,BIA,Tribal Lands based on geographic location and spatial data,1,Yes
AUX,INDIAN_RES,Indian Reservation based on special jurisdiction and geographic location data,0,No
AUX,INDIAN_RES,Indian Reservation based on special jurisdiction and geographic location data,1,Yes
AUX,SPJ_INDIAN,Special Jurisdiction Indian Reservation,0,No
AUX,SPJ_INDIAN,Special Jurisdiction Indian Reservation,1,Yes
DETAIL,STATE,State,1,Alabama
DETAIL,STATE,State,2,Alaska
DETAIL,STATE,State,4,Arizona
DETAIL,STATE,State,5,Arkansas
DETAIL,STATE,State,6,California
DETAIL,STATE,State,8,Colorado
DETAIL,STATE,State,9,Connecticut
DETAIL,STATE,State,10,Delaware
DETAIL,STATE,State,11,District of Columbia 
DETAIL,STATE,State,12,Florida
DETAIL,STATE,State,13,Georgia
DETAIL,STATE,State,15,Hawaii
DETAIL,STATE,State,16,Idaho
DETAIL,STATE,State,17,Illinois
DETAIL,STATE,State,18,Indiana
DETAIL,STATE,State,19,Iowa
DETAIL,STATE,State,20,Kansas
DETAIL,STATE,State,21,Kentucky
DETAIL,STATE,State,22,Louisiana
DETAIL,STATE,State,23,Maine
DETAIL,STATE,State,24,Maryland
DETAIL,STATE,State,25,Massachusetts
DETAIL,STATE,State,26,Michigan
DETAIL,STATE,State,27,Minnesota
DETAIL,STATE,State,28,Mississippi
DETAIL,STATE,State,29,Missouri
DETAIL,STATE,State,30,Montana
DETAIL,STATE,State,31,Nebraska
DETAIL,STATE,State,32,Nevada
DETAIL,STATE,State,33,New Hampshire
DETAIL,STATE,State,34,New Jersey
DETAIL,STATE,State,35,New Mexico
DETAIL,STATE,State,36,New York
DETAIL,STATE,State,37,North Carolina
DETAIL,STATE,State,38,North Dakota
DETAIL,STATE,State,39,Ohio
DETAIL,STATE,State,40,Oklahoma
DETAIL,STATE,State,41,Oregon
DETAIL,STATE,State,42,Pennsylvania
DETAIL,STATE,State,43,Puerto Rico
DETAIL,STATE,State,44,Rhode Island
DETAIL,STATE,State,45,South Carolina
DETAIL,STATE,State,46,South Dakota
DETAIL,STATE,State,47,Tennessee
DETAIL,STATE,State,48,Texas
DETAIL,STATE,State,49,Utah
DETAIL,STATE,State,50,Vermont
DETAIL,STATE,State,51,Virginia
DETAIL,STATE,State,52,Virgin Islands
DETAIL,STATE,State,53,Washington
DETAIL,STATE,State,54,West Virginia
DETAIL,STATE,State,55,Wisconsin
DETAIL,STATE,State,56,Wyoming
DETAIL,PEDS,Number of Persons Not in Motor Vehicles,0-99,
DETAIL,PERSONS,Number of Person Forms,0-999,
DETAIL,COUNTY,County,0,Not Applicable
DETAIL,COUNTY,County,1-996,Use GSA Geographical Codes
DETAIL,COUNTY,County,997,Other
DETAIL,COUNTY,County,998,Not Reported
DETAIL,COUNTY,County,999,Unknown
DETAIL,CITY,City,0,Not Applicable
DETAIL,CITY,City,1-9996,Use GSA Geographical Codes
DETAIL,CITY,City,9997,Other
DETAIL,CITY,City,9898,Not Reported
DETAIL,CITY,City,9999,Unknown
DETAIL,MONTH ,Month,1,January
DETAIL,MONTH ,Month,2,February
DETAIL,MONTH ,Month,3,March
DETAIL,MONTH ,Month,4,April
DETAIL,MONTH ,Month,5,May
DETAIL,MONTH ,Month,6,June
DETAIL,MONTH ,Month,7,July
DETAIL,MONTH ,Month,8,August
DETAIL,MONTH ,Month,9,September
DETAIL,MONTH ,Month,10,October
DETAIL,MONTH ,Month,11,November
DETAIL,MONTH ,Month,12,December
DETAIL,MONTH ,Month,99,Unknown
DETAIL,NHS ,National Highway System,0,This Section is Not on the National Highway System
DETAIL,NHS ,National Highway System,1,This Section is on the National Highway System
DETAIL,NHS ,National Highway System,9,Unknown
DETAIL,SP_JUR,Special Jurisdiction,0,No Special Jurisdiction (Includes National Forests Since 2008)
DETAIL,SP_JUR,Special Jurisdiction,1,National Park Service
DETAIL,SP_JUR,Special Jurisdiction,2,Military 
DETAIL,SP_JUR,Special Jurisdiction,3,Indian Reservation 
DETAIL,SP_JUR,Special Jurisdiction,4,College/University Campus 
DETAIL,SP_JUR,Special Jurisdiction,5,Other Federal Properties (Since 1977) 
DETAIL,SP_JUR,Special Jurisdiction,8,Other (Since 1976) 
DETAIL,SP_JUR,Special Jurisdiction,9,Unknown
DETAIL,MILEPT,Milepoint,00000,None
DETAIL,MILEPT,Milepoint,00001-99997,Actual to Nearest Tenth Mile
DETAIL,MILEPT,Milepoint,99998,Not Reported
DETAIL,MILEPT,Milepoint,99999,Unknown
DETAIL,RAIL,Rail Grade Crossing Identifier,0000000,Not Applicable
DETAIL,RAIL,Rail Grade Crossing Identifier,xxxxxxA,Six Digits Followed by One Alphabetic Valid F.R.A. Code
DETAIL,RAIL,Rail Grade Crossing Identifier,9999999,Unknown
DETAIL,SCH_BUS,School Bus Related,0,No
DETAIL,SCH_BUS,School Bus Related,1,Yes
DETAIL,SCH_BUS,School Bus Related,8,Not Reported
DETAIL,WEATHER,Atmospheric Conditions,0,No Adverse Atmospheric Conditions 
DETAIL,WEATHER,Atmospheric Conditions,1,Clear
DETAIL,WEATHER,Atmospheric Conditions,2,Rain
DETAIL,WEATHER,Atmospheric Conditions,3,"Sleet, Hail"
DETAIL,WEATHER,Atmospheric Conditions,4,Snow
DETAIL,WEATHER,Atmospheric Conditions,5,"Fog, Smog, Smoke"
DETAIL,WEATHER,Atmospheric Conditions,6,Severe Crosswinds
DETAIL,WEATHER,Atmospheric Conditions,7,"Blowing Sand, Soil, Dirt"
DETAIL,WEATHER,Atmospheric Conditions,8,Other 
DETAIL,WEATHER,Atmospheric Conditions,10,Cloudy
DETAIL,WEATHER,Atmospheric Conditions,11,Blowing Snow
DETAIL,WEATHER,Atmospheric Conditions,12,Freezing Rain or Drizzle 
DETAIL,WEATHER,Atmospheric Conditions,13,"Other: Smog, Smoke, Blowing Sand or Dust "
DETAIL,WEATHER,Atmospheric Conditions,14,Rain and Fog
DETAIL,WEATHER,Atmospheric Conditions,15,Fog
DETAIL,WEATHER,Atmospheric Conditions,98,Not Reported 
DETAIL,WEATHER,Atmospheric Conditions,99,Unknown 
DETAIL,LGT_COND,Light Condition,1,Daylight
DETAIL,LGT_COND,Light Condition,2,Dark – Not Lighted
DETAIL,LGT_COND,Light Condition,3,Dark – Lighted
DETAIL,LGT_COND,Light Condition,4,Dawn
DETAIL,LGT_COND,Light Condition,5,Dusk
DETAIL,LGT_COND,Light Condition,6,Dark – Unknown Lighting 
DETAIL,LGT_COND,Light Condition,7,Other
DETAIL,LGT_COND,Light Condition,8,Not Reported
DETAIL,LGT_COND,Light Condition,9,Unknown
DETAIL,WRK_ZONE,Work Zone,0,None
DETAIL,WRK_ZONE,Work Zone,1,Construction
DETAIL,WRK_ZONE,Work Zone,2,Maintenance
DETAIL,WRK_ZONE,Work Zone,3,Utility
DETAIL,WRK_ZONE,Work Zone,4,"Work Zone, Type Unknown "
DETAIL,WRK_ZONE,Work Zone,8,Not Reported 
DETAIL,DAY_WEEK,Day of the week,1,Sunday 
DETAIL,DAY_WEEK,Day of the week,2,Monday 
DETAIL,DAY_WEEK,Day of the week,3,Tuesday 
DETAIL,DAY_WEEK,Day of the week,4,Wednesday 
DETAIL,DAY_WEEK,Day of the week,5,Thursday 
DETAIL,DAY_WEEK,Day of the week,6,Friday 
DETAIL,DAY_WEEK,Day of the week,7,Saturday 
DETAIL,DAY_WEEK,Day of the week,9,Unknown
DETAIL,ROUTE,Route Signing,1,Interstate 
DETAIL,ROUTE,Route Signing,2,U.S. Highway 
DETAIL,ROUTE,Route Signing,3,State Highway 
DETAIL,ROUTE,Route Signing,4,County Road 
DETAIL,ROUTE,Route Signing,5,Local Street – Township
DETAIL,ROUTE,Route Signing,6,Local Street – Municipality
DETAIL,ROUTE,Route Signing,7,Local Street – Frontage Road
DETAIL,ROUTE,Route Signing,8,Other
DETAIL,ROUTE,Route Signing,9,Unknown
